 ,,2023-01-01T00:49:47.000Z
,,2023-01-01T13:25:33.000Z
,,2023-01-02T15:24:50.000Z
,,2023-01-02T15:38:22.000Z
,,2023-01-02T16:00:56.000Z
,,2023-01-02T16:15:07.000Z
,,2023-01-02T16:17:14.000Z
,,2023-01-02T17:48:57.000Z
,,2023-01-02T20:35:54.000Z
,,2023-01-02T20:36:16.000Z
,,2023-01-02T20:36:30.000Z
,,2023-01-02T20:36:41.000Z
,,2023-01-02T20:36:50.000Z
,,2023-01-02T20:37:54.000Z
,,2023-01-03T03:05:36.000Z
,,2023-01-03T10:35:48.000Z
,,2023-01-03T15:41:03.000Z
,,2023-01-03T15:42:05.000Z
,,2023-01-03T15:43:13.000Z
,,2023-01-03T15:43:39.000Z
,,2023-01-03T15:43:52.000Z
,,2023-01-03T15:44:33.000Z
,,2023-01-03T15:44:44.000Z
,,2023-01-03T15:45:00.000Z
,,2023-01-03T15:45:13.000Z
,,2023-01-03T15:45:37.000Z
,,2023-01-03T15:45:41.000Z
,,2023-01-03T15:46:13.000Z
,,2023-01-03T15:46:45.000Z
,,2023-01-03T15:47:00.000Z
,,2023-01-03T15:47:33.000Z
,,2023-01-03T15:47:45.000Z
,,2023-01-03T15:47:53.000Z
,,2023-01-03T15:48:02.000Z
,,2023-01-03T15:48:23.000Z
,,2023-01-03T15:48:27.000Z
,,2023-01-03T15:48:32.000Z
,,2023-01-03T15:48:40.000Z
,,2023-01-03T15:48:52.000Z
,,2023-01-03T15:49:07.000Z
,,2023-01-03T15:49:18.000Z
,,2023-01-03T15:49:45.000Z
,,2023-01-03T15:49:58.000Z
,,2023-01-03T15:50:11.000Z
,,2023-01-03T15:50:19.000Z
,,2023-01-03T15:50:33.000Z
,,2023-01-03T15:51:08.000Z
,,2023-01-03T15:51:11.000Z
,,2023-01-03T19:31:43.000Z
,,2023-01-03T19:38:39.000Z
,,2023-01-03T19:43:54.000Z
,,2023-01-03T19:45:33.000Z
,,2023-01-03T19:45:42.000Z
,,2023-01-03T19:52:35.000Z
,,2023-01-03T19:53:56.000Z
,,2023-01-03T20:00:09.000Z
,,2023-01-03T20:08:02.000Z
,,2023-01-03T20:14:52.000Z
,,2023-01-03T20:29:39.000Z
,,2023-01-03T21:20:09.000Z
,,2023-01-03T21:38:02.000Z
,,2023-01-03T21:40:58.000Z
,,2023-01-03T21:46:54.000Z
,,2023-01-03T21:51:16.000Z
,,2023-01-03T22:09:36.000Z
,,2023-01-03T22:46:33.000Z
,,2023-01-04T01:19:04.000Z
,,2023-01-04T03:37:05.000Z
,,2023-01-04T10:53:35.000Z
,,2023-01-04T11:22:17.000Z
,,2023-01-04T12:33:04.000Z
,,2023-01-04T15:31:34.000Z
,,2023-01-04T15:33:30.000Z
,,2023-01-04T15:35:03.000Z
,,2023-01-04T17:24:07.000Z
,,2023-01-04T17:24:52.000Z
,,2023-01-04T17:25:30.000Z
,,2023-01-04T18:40:07.000Z
,,2023-01-04T18:45:20.000Z
,,2023-01-04T19:09:47.000Z
,,2023-01-04T21:56:50.000Z
,,2023-01-05T00:45:03.000Z
,,2023-01-05T03:15:31.000Z
,,2023-01-05T03:19:34.000Z
,,2023-01-05T03:27:12.000Z
,,2023-01-05T03:58:17.000Z
,,2023-01-05T04:09:16.000Z
,,2023-01-05T04:15:51.000Z
,,2023-01-05T05:57:44.000Z
,,2023-01-05T06:32:28.000Z
,,2023-01-05T06:32:41.000Z
,,2023-01-05T07:01:00.000Z
,,2023-01-05T07:51:55.000Z
,,2023-01-05T07:51:56.000Z
,,2023-01-05T09:38:24.000Z
,,2023-01-05T09:58:13.000Z
,,2023-01-05T09:59:07.000Z
,,2023-01-05T09:59:16.000Z
,,2023-01-05T10:01:16.000Z
,,2023-01-05T10:07:04.000Z
,,2023-01-05T10:29:55.000Z
,,2023-01-05T12:15:04.000Z
,,2023-01-05T13:30:48.000Z
,,2023-01-05T15:12:27.000Z
,,2023-01-05T16:23:28.000Z
,,2023-01-05T16:24:04.000Z
,,2023-01-05T16:32:19.000Z
,,2023-01-05T17:02:00.000Z
,,2023-01-05T19:01:20.000Z
,,2023-01-05T19:25:08.000Z
,,2023-01-06T18:21:37.000Z
,,2023-01-06T18:54:51.000Z
,,2023-01-06T19:35:19.000Z
,,2023-01-06T22:20:50.000Z
,,2023-01-06T23:23:57.000Z
,,2023-01-07T08:20:45.000Z
,,2023-01-07T14:55:19.000Z
,,2023-01-07T17:22:31.000Z
,,2023-01-07T18:17:32.000Z
,,2023-01-07T18:33:38.000Z
,,2023-01-07T19:00:56.000Z
,,2023-01-07T19:35:22.000Z
,,2023-01-07T20:03:01.000Z
,,2023-01-07T21:09:18.000Z
,,2023-01-07T21:47:35.000Z
,,2023-01-07T23:21:19.000Z
,,2023-01-08T02:22:29.000Z
,,2023-01-08T04:17:49.000Z
,,2023-01-08T11:26:46.000Z
,,2023-01-08T12:18:10.000Z
,,2023-01-08T15:43:52.000Z
,,2023-01-08T15:44:08.000Z
,,2023-01-08T17:11:37.000Z
,,2023-01-08T17:26:30.000Z
,,2023-01-09T12:08:47.000Z
,,2023-01-09T16:23:53.000Z
,,2023-01-09T16:27:13.000Z
,,2023-01-09T18:42:04.000Z
,,2023-01-09T18:43:13.000Z
,,2023-01-09T18:43:20.000Z
,,2023-01-09T18:43:37.000Z
,,2023-01-09T18:44:06.000Z
,,2023-01-09T18:44:12.000Z
,,2023-01-09T18:44:17.000Z
,,2023-01-09T18:44:26.000Z
,,2023-01-09T18:45:51.000Z
,,2023-01-09T18:45:57.000Z
,,2023-01-09T18:46:07.000Z
,,2023-01-09T19:17:19.000Z
,,2023-01-09T19:32:44.000Z
,,2023-01-10T15:05:38.000Z
,,2023-01-10T17:33:28.000Z
,,2023-01-10T17:33:41.000Z
,,2023-01-10T17:33:51.000Z
,,2023-01-10T17:34:46.000Z
,,2023-01-10T17:35:00.000Z
,,2023-01-10T17:35:08.000Z
,,2023-01-10T17:35:30.000Z
,,2023-01-10T17:35:51.000Z
,,2023-01-10T23:03:39.000Z
,,2023-01-11T15:08:50.000Z
,,2023-01-11T15:39:25.000Z
,,2023-01-11T17:29:40.000Z
,,2023-01-11T19:51:04.000Z
,,2023-01-11T20:02:05.000Z
,,2023-01-12T09:58:59.000Z
,,2023-01-12T14:14:55.000Z
,,2023-01-12T14:15:04.000Z
,,2023-01-12T14:15:10.000Z
,,2023-01-12T14:15:21.000Z
,,2023-01-12T14:35:18.000Z
,,2023-01-12T18:37:31.000Z
,,2023-01-12T19:10:01.000Z
,,2023-01-12T20:40:16.000Z
,,2023-01-12T20:40:44.000Z
,,2023-01-12T20:41:08.000Z
,,2023-01-13T01:16:34.000Z
,,2023-01-13T04:31:04.000Z
,,2023-01-13T10:44:28.000Z
,,2023-01-13T14:25:24.000Z
,,2023-01-13T16:59:14.000Z
,,2023-01-13T16:59:23.000Z
,,2023-01-13T16:59:29.000Z
,,2023-01-13T16:59:41.000Z
,,2023-01-13T16:59:52.000Z
,,2023-01-13T17:00:34.000Z
,,2023-01-13T17:13:57.000Z
,,2023-01-13T17:49:30.000Z
,,2023-01-13T17:51:17.000Z
,,2023-01-14T00:18:19.000Z
,,2023-01-14T15:45:27.000Z
,,2023-01-14T21:56:09.000Z
,,2023-01-15T05:07:01.000Z
,,2023-01-15T13:16:12.000Z
,,2023-01-15T21:21:13.000Z
,,2023-01-16T00:40:27.000Z
,,2023-01-16T01:25:33.000Z
,,2023-01-16T02:29:40.000Z
,,2023-01-16T11:00:53.000Z
,,2023-01-16T11:32:20.000Z
,,2023-01-16T13:40:27.000Z
,,2023-01-16T16:38:32.000Z
,,2023-01-16T16:38:50.000Z
,,2023-01-16T16:41:06.000Z
,,2023-01-16T16:41:33.000Z
,,2023-01-16T16:41:43.000Z
,,2023-01-16T16:42:10.000Z
,,2023-01-16T16:42:23.000Z
,,2023-01-16T19:02:52.000Z
,,2023-01-16T20:46:01.000Z
,,2023-01-16T20:49:56.000Z
,,2023-01-16T20:50:08.000Z
,,2023-01-16T20:57:56.000Z
,,2023-01-16T20:58:10.000Z
,,2023-01-16T21:02:08.000Z
,,2023-01-16T21:05:55.000Z
,,2023-01-16T21:25:06.000Z
,,2023-01-16T21:26:42.000Z
,,2023-01-16T21:32:36.000Z
,,2023-01-16T21:59:23.000Z
,,2023-01-16T22:31:41.000Z
,,2023-01-16T22:36:00.000Z
,,2023-01-16T22:52:14.000Z
,,2023-01-16T22:54:05.000Z
,,2023-01-16T23:31:07.000Z
,,2023-01-16T23:43:05.000Z
,,2023-01-16T23:43:24.000Z
,,2023-01-17T00:15:18.000Z
,,2023-01-17T00:34:12.000Z
,,2023-01-17T02:38:19.000Z
,,2023-01-17T02:55:45.000Z
,,2023-01-17T04:28:13.000Z
,,2023-01-17T06:21:36.000Z
